{
    "name": "knuckleswtf/scribe",
    "license": "MIT",
    "description": "Generate API documentation for humans from your Laravel codebase.✍",
    "keywords": [
        "API",
        "documentation",
        "laravel",
        "dingo"
    ],
    "homepage": "http://github.com/knuckleswtf/scribe",
    "authors": [
        {
            "name": "Shalvah"
        }
    ],
    "require": {
        "php": ">=8.0",
        "ext-fileinfo": "*",
        "ext-json": "*",
        "ext-pdo": "*",
        "dingo/api": "^2.3|^3.0",
        "erusev/parsedown": "1.7.4",
        "fakerphp/faker": "^1.9.1",
        "illuminate/console": "^8.0|^9.0",
        "illuminate/routing": "^8.0|^9.0",
        "illuminate/support": "^8.0|^9.0",
        "league/flysystem": "^1.1.4|^2.1.1|^3.0",
        "mpociot/reflection-docblock": "^1.0.1",
        "nikic/php-parser": "^5.0",
        "nunomaduro/collision": "^5.10|^6.0|^7.0|^8.0",
        "ramsey/uuid": "^4.2.2",
        "shalvah/clara": "^3.1.0",
        "shalvah/upgrader": ">=0.6.0",
        "spatie/data-transfer-object": "^2.6|^3.0",
        "symfony/var-exporter": "^5.4|^6.0|^7.0",
        "symfony/yaml": "^5.4|^6.0|^7.0"
    },
    "require-dev": {
        "brianium/paratest": "^6.0",
        "dms/phpunit-arraysubset-asserts": "^0.2.0",
        "laravel/legacy-factories": "^1.3.0",
        "laravel/lumen-framework": "^8.0|^9.0",
        "league/fractal": "^0.19.0",
        "nikic/fast-route": "^1.3",
        "orchestra/testbench": "^6.0|^7.0",
        "pestphp/pest": "^1.21",
        "phpstan/phpstan": "^1.0",
        "phpunit/phpunit": "^9.0|^10.0",
        "symfony/css-selector": "^5.4|^6.0",
        "symfony/dom-crawler": "^5.4|^6.0"
    },
    "suggest": {
        "league/fractal": "Required for transformers support"
    },
    "autoload": {
        "psr-4": {
            "Knuckles\\Scribe\\": "src/",
            "Knuckles\\Camel\\": "camel/"
        }
    },
    "autoload-dev": {
        "psr-4": {
            "Knuckles\\Scribe\\Tests\\": "tests/"
        }
    },
    "scripts": {
        "lint": "phpstan analyse -c ./phpstan.neon src camel --memory-limit 1G",
        "test": "phpunit --stop-on-failure --group dingo",
        "test-ci": "phpunit --group dingo",
        "test-parallel": "paratest -p16 --stop-on-failure --group dingo tests",
        "test-parallel-ci": "paratest -p16 --group dingo tests"
    },
    "extra": {
        "laravel": {
            "providers": [
                "Knuckles\\Scribe\\ScribeServiceProvider"
            ]
        }
    },
    "config": {
        "preferred-install": "dist",
        "sort-packages": true,
        "process-timeout": 600,
        "allow-plugins": {
            "pestphp/pest-plugin": true
        }
    },
    "replace": {
        "mpociot/laravel-apidoc-generator": "*"
    },
    "funding": [
        {
            "type": "patreon",
            "url": "https://patreon.com/shalvah"
        }
    ]
}
